Workbook

Sheet 요약
A1: 검 강화 대장간 밸런스 요약
A2: 확률 곡선을 올린 뒤의 결과를 이전 곡선과 비교한 표입니다. 숫자는 가정 시트를 바꾸면 함께 바뀝니다.
A4: 확률 곡선 비교 | B4: 이전 | C4: 지금 | D4: 메모
A5: +0 → +1 성공 확률 | B5: =레벨표!B5 -> 0.97 | C5: =레벨표!C5 -> 0.99
A6: +6 → +7 성공 확률 | B6: =레벨표!B11 -> 0.81 | C6: =레벨표!C11 -> 0.92 | D6: 화면에 81%로 표시되던 구간
A7: +19 → +20 성공 확률 | B7: =레벨표!B24 -> 0.48 | C7: =레벨표!C24 -> 0.46 | D7: 후반은 비슷하게 어렵게 유지
A8: 한 번에 +9까지 갈 확률 | B8: =레벨표!E14 -> 0.26533935 | C8: =레벨표!F14 -> 0.58716428 | D8: 연속으로 9번 성공해야 하므로 단계 확률보다 훨씬 낮음
A9: 한 번에 +10까지 갈 확률 | B9: =레벨표!E15 -> 0.19635112 | C9: =레벨표!F15 -> 0.49908964
A10: 한 번에 +15까지 갈 확률 | B10: =레벨표!E20 -> 0.024044456 | C10: =레벨표!F20 -> 0.12030246
A11: 한 번에 +20까지 갈 확률 (금 검) | B11: =레벨표!E25 -> 0.0009756471 | C11: =레벨표!F25 -> 0.0061638937 | D11: 화로·행운의 가루를 쓰면 더 올라감
A12: 도달 레벨 중앙값 (시뮬레이션) | B12: 6 | C12: 9 | D12: 직접 입력값: 한 번의 도전에서 끝까지 강화했을 때 30만 회 몬테카를로 시뮬레이션 결과
A15: 판매가 비교 (G) | B15: 이전 확률 | C15: 지금 확률 | D15: 메모
A16: +1 검 | B16: =레벨표!I6 -> 170 | C16: =레벨표!J6 -> 170
A17: +2 검 | B17: =레벨표!I7 -> 410 | C17: =레벨표!J7 -> 390 | D17: 이전 곡선에서는 평균 비용 대비 이익이 거의 없던 구간
A18: +5 검 | B18: =레벨표!I10 -> 1960 | C18: =레벨표!J10 -> 1630
A19: +10 검 | B19: =레벨표!I15 -> 17200 | C19: =레벨표!J15 -> 10400
A20: +15 검 | B20: =레벨표!I20 -> 199000 | C20: =레벨표!J20 -> 87900
A21: +19 검 | B21: =레벨표!I24 -> 2390000 | C21: =레벨표!J24 -> 938000
A22: +20 금 검 (2배) | B22: =레벨표!I25 -> 9800000 | C22: =레벨표!J25 -> 4080000 | D22: 금 검 판매가 2배가 포함됨
A24: 규칙 메모
A25: 강화에 실패하면 검이 부서지고 새 +0 검을 받습니다. 수호 부적은 파괴를 한 번 막아 줍니다.
A26: +20에 도달하면 검이 금 검으로 바뀌고 판매가가 2배가 됩니다.
A27: 금 검을 처음 완성한 뒤로 상점 가격이 영구적으로 1.5배가 됩니다 (상점 시트). 이 해석이 다르면 가정 시트에서 바꿀 수 있습니다.
A28: 판매가 = (1.7 − 0.03×레벨) × 그 레벨까지 만드는 기대 강화 비용. 자세한 계산은 레벨표 시트에 있습니다.

Sheet 레벨표
A1: 레벨별 확률 · 비용 · 판매가
A2: 한 행은 "+N 검" 기준입니다. 확률과 비용은 +N → +(N+1) 강화에 대한 값입니다.
A4: 레벨 (N) | B4: 성공 확률 이전 | C4: 성공 확률 지금 | D4: 강화 비용 (G) | E4: 한 번에 +N까지 갈 확률 (이전) | F4: 한 번에 +N까지 갈 확률 (지금) | G4: +N 만드는 기대 강화 비용 (이전, G) | H4: +N 만드는 기대 강화 비용 (지금, G) | I4: 판매가 이전 확률 (G) | J4: 판매가 지금 확률 (G) | K4: 판매가 ÷ 기대 비용 (지금)
A5: 0 | B5: =MAX(가정!$B$10,ROUND(가정!$B$8-가정!$B$9*A5,0))/100 -> 0.97 | C5: =MAX(가정!$B$10,ROUND(가정!$B$5-가정!$B$6*A5^2-가정!$B$7*A5,0))/100 -> 0.99 | D5: =MAX(가정!$B$11,ROUND(가정!$B$11*가정!$B$12^A5/10,0)*10) -> 100 | E5: 1 | F5: 1 | G5: 0 | H5: 0 | I5: 0 | J5: 0 | K5: -
A6: 1 | B6: =MAX(가정!$B$10,ROUND(가정!$B$8-가정!$B$9*A6,0))/100 -> 0.94 | C6: =MAX(가정!$B$10,ROUND(가정!$B$5-가정!$B$6*A6^2-가정!$B$7*A6,0))/100 -> 0.98 | D6: =MAX(가정!$B$11,ROUND(가정!$B$11*가정!$B$12^A6/10,0)*10) -> 130 | E6: =E5*B5 -> 0.97 | F6: =F5*C5 -> 0.99 | G6: =(G5+D5)/B5 -> 103.09278 | H6: =(H5+D5)/C5 -> 101.0101 | I6: =ROUND((가정!$B$13-가정!$B$14*A6)*G6,-MAX(1,LEN(INT((가정!$B$13-가정!$B$14*A6)*G6))-3))*IF(A6=가정!$B$4,가정!$B$15,1) -> 170 | J6: =ROUND((가정!$B$13-가정!$B$14*A6)*H6,-MAX(1,LEN(INT((가정!$B$13-가정!$B$14*A6)*H6))-3))*IF(A6=가정!$B$4,가정!$B$15,1) -> 170 | K6: =IF(H6>0,J6/H6,"-") -> 1.683
A7: 2 | B7: =MAX(가정!$B$10,ROUND(가정!$B$8-가정!$B$9*A7,0))/100 -> 0.92 | C7: =MAX(가정!$B$10,ROUND(가정!$B$5-가정!$B$6*A7^2-가정!$B$7*A7,0))/100 -> 0.98 | D7: =MAX(가정!$B$11,ROUND(가정!$B$11*가정!$B$12^A7/10,0)*10) -> 180 | E7: =E6*B6 -> 0.9118 | F7: =F6*C6 -> 0.9702 | G7: =(G6+D6)/B6 -> 247.97105 | H7: =(H6+D6)/C6 -> 235.72459 | I7: =ROUND((가정!$B$13-가정!$B$14*A7)*G7,-MAX(1,LEN(INT((가정!$B$13-가정!$B$14*A7)*G7))-3))*IF(A7=가정!$B$4,가정!$B$15,1) -> 410 | J7: =ROUND((가정!$B$13-가정!$B$14*A7)*H7,-MAX(1,LEN(INT((가정!$B$13-가정!$B$14*A7)*H7))-3))*IF(A7=가정!$B$4,가정!$B$15,1) -> 390 | K7: =IF(H7>0,J7/H7,"-") -> 1.6544731
A8: 3 | B8: =MAX(가정!$B$10,ROUND(가정!$B$8-가정!$B$9*A8,0))/100 -> 0.89 | C8: =MAX(가정!$B$10,ROUND(가정!$B$5-가정!$B$6*A8^2-가정!$B$7*A8,0))/100 -> 0.96 | D8: =MAX(가정!$B$11,ROUND(가정!$B$11*가정!$B$12^A8/10,0)*10) -> 240 | E8: =E7*B7 -> 0.838856 | F8: =F7*C7 -> 0.950796 | G8: =(G7+D7)/B7 -> 465.18592 | H8: =(H7+D7)/C7 -> 424.20877 | I8: =ROUND((가정!$B$13-가정!$B$14*A8)*G8,-MAX(1,LEN(INT((가정!$B$13-가정!$B$14*A8)*G8))-3))*IF(A8=가정!$B$4,가정!$B$15,1) -> 750 | J8: =ROUND((가정!$B$13-가정!$B$14*A8)*H8,-MAX(1,LEN(INT((가정!$B$13-가정!$B$14*A8)*H8))-3))*IF(A8=가정!$B$4,가정!$B$15,1) -> 680 | K8: =IF(H8>0,J8/H8,"-") -> 1.6029843
A9: 4 | B9: =MAX(가정!$B$10,ROUND(가정!$B$8-가정!$B$9*A9,0))/100 -> 0.87 | C9: =MAX(가정!$B$10,ROUND(가정!$B$5-가정!$B$6*A9^2-가정!$B$7*A9,0))/100 -> 0.95 | D9: =MAX(가정!$B$11,ROUND(가정!$B$11*가정!$B$12^A9/10,0)*10) -> 310 | E9: =E8*B8 -> 0.74658184 | F9: =F8*C8 -> 0.91276416 | G9: =(G8+D8)/B8 -> 792.34373 | H9: =(H8+D8)/C8 -> 691.88413 | I9: =ROUND((가정!$B$13-가정!$B$14*A9)*G9,-MAX(1,LEN(INT((가정!$B$13-가정!$B$14*A9)*G9))-3))*IF(A9=가정!$B$4,가정!$B$15,1) -> 1250 | J9: =ROUND((가정!$B$13-가정!$B$14*A9)*H9,-MAX(1,LEN(INT((가정!$B$13-가정!$B$14*A9)*H9))-3))*IF(A9=가정!$B$4,가정!$B$15,1) -> 1090 | K9: =IF(H9>0,J9/H9,"-") -> 1.5754083
A10: 5 | B10: =MAX(가정!$B$10,ROUND(가정!$B$8-가정!$B$9*A10,0))/100 -> 0.84 | C10: =MAX(가정!$B$10,ROUND(가정!$B$5-가정!$B$6*A10^2-가정!$B$7*A10,0))/100 -> 0.94 | D10: =MAX(가정!$B$11,ROUND(가정!$B$11*가정!$B$12^A10/10,0)*10) -> 420 | E10: =E9*B9 -> 0.6495262 | F10: =F9*C9 -> 0.86712595 | G10: =(G9+D9)/B9 -> 1267.0618 | H10: =(H9+D9)/C9 -> 1054.6149 | I10: =ROUND((가정!$B$13-가정!$B$14*A10)*G10,-MAX(1,LEN(INT((가정!$B$13-가정!$B$14*A10)*G10))-3))*IF(A10=가정!$B$4,가정!$B$15,1) -> 1960 | J10: =ROUND((가정!$B$13-가정!$B$14*A10)*H10,-MAX(1,LEN(INT((가정!$B$13-가정!$B$14*A10)*H10))-3))*IF(A10=가정!$B$4,가정!$B$15,1) -> 1630 | K10: =IF(H10>0,J10/H10,"-") -> 1.5455879
A11: 6 | B11: =MAX(가정!$B$10,ROUND(가정!$B$8-가정!$B$9*A11,0))/100 -> 0.81 | C11: =MAX(가정!$B$10,ROUND(가정!$B$5-가정!$B$6*A11^2-가정!$B$7*A11,0))/100 -> 0.92 | D11: =MAX(가정!$B$11,ROUND(가정!$B$11*가정!$B$12^A11/10,0)*10) -> 550 | E11: =E10*B10 -> 0.54560201 | F11: =F10*C10 -> 0.81509839 | G11: =(G10+D10)/B10 -> 2008.4069 | H11: =(H10+D10)/C10 -> 1568.7392 | I11: =ROUND((가정!$B$13-가정!$B$14*A11)*G11,-MAX(1,LEN(INT((가정!$B$13-가정!$B$14*A11)*G11))-3))*IF(A11=가정!$B$4,가정!$B$15,1) -> 3050 | J11: =ROUND((가정!$B$13-가정!$B$14*A11)*H11,-MAX(1,LEN(INT((가정!$B$13-가정!$B$14*A11)*H11))-3))*IF(A11=가정!$B$4,가정!$B$15,1) -> 2380 | K11: =IF(H11>0,J11/H11,"-") -> 1.5171419
A12: 7 | B12: =MAX(가정!$B$10,ROUND(가정!$B$8-가정!$B$9*A12,0))/100 -> 0.79 | C12: =MAX(가정!$B$10,ROUND(가정!$B$5-가정!$B$6*A12^2-가정!$B$7*A12,0))/100 -> 0.9 | D12: =MAX(가정!$B$11,ROUND(가정!$B$11*가정!$B$12^A12/10,0)*10) -> 740 | E12: =E11*B11 -> 0.44193763 | F12: =F11*C11 -> 0.74989052 | G12: =(G11+D11)/B11 -> 3158.527 | H12: =(H11+D11)/C11 -> 2302.9774 | I12: =ROUND((가정!$B$13-가정!$B$14*A12)*G12,-MAX(1,LEN(INT((가정!$B$13-가정!$B$14*A12)*G12))-3))*IF(A12=가정!$B$4,가정!$B$15,1) -> 4710 | J12: =ROUND((가정!$B$13-가정!$B$14*A12)*H12,-MAX(1,LEN(INT((가정!$B$13-가정!$B$14*A12)*H12))-3))*IF(A12=가정!$B$4,가정!$B$15,1) -> 3430 | K12: =IF(H12>0,J12/H12,"-") -> 1.4893763
A13: 8 | B13: =MAX(가정!$B$10,ROUND(가정!$B$8-가정!$B$9*A13,0))/100 -> 0.76 | C13: =MAX(가정!$B$10,ROUND(가정!$B$5-가정!$B$6*A13^2-가정!$B$7*A13,0))/100 -> 0.87 | D13: =MAX(가정!$B$11,ROUND(가정!$B$11*가정!$B$12^A13/10,0)*10) -> 980 | E13: =E12*B12 -> 0.34913073 | F13: =F12*C12 -> 0.67490147 | G13: =(G12+D12)/B12 -> 4934.8443 | H13: =(H12+D12)/C12 -> 3381.086 | I13: =ROUND((가정!$B$13-가정!$B$14*A13)*G13,-MAX(1,LEN(INT((가정!$B$13-가정!$B$14*A13)*G13))-3))*IF(A13=가정!$B$4,가정!$B$15,1) -> 7200 | J13: =ROUND((가정!$B$13-가정!$B$14*A13)*H13,-MAX(1,LEN(INT((가정!$B$13-가정!$B$14*A13)*H13))-3))*IF(A13=가정!$B$4,가정!$B$15,1) -> 4940 | K13: =IF(H13>0,J13/H13,"-") -> 1.461069
A14: 9 | B14: =MAX(가정!$B$10,ROUND(가정!$B$8-가정!$B$9*A14,0))/100 -> 0.74 | C14: =MAX(가정!$B$10,ROUND(가정!$B$5-가정!$B$6*A14^2-가정!$B$7*A14,0))/100 -> 0.85 | D14: =MAX(가정!$B$11,ROUND(가정!$B$11*가정!$B$12^A14/10,0)*10) -> 1300 | E14: =E13*B13 -> 0.26533935 | F14: =F13*C13 -> 0.58716428 | G14: =(G13+D13)/B13 -> 7782.6898 | H14: =(H13+D13)/C13 -> 5012.7426 | I14: =ROUND((가정!$B$13-가정!$B$14*A14)*G14,-MAX(1,LEN(INT((가정!$B$13-가정!$B$14*A14)*G14))-3))*IF(A14=가정!$B$4,가정!$B$15,1) -> 11100 | J14: =ROUND((가정!$B$13-가정!$B$14*A14)*H14,-MAX(1,LEN(INT((가정!$B$13-가정!$B$14*A14)*H14))-3))*IF(A14=가정!$B$4,가정!$B$15,1) -> 7170 | K14: =IF(H14>0,J14/H14,"-") -> 1.4303547
A15: 10 | B15: =MAX(가정!$B$10,ROUND(가정!$B$8-가정!$B$9*A15,0))/100 -> 0.71 | C15: =MAX(가정!$B$10,ROUND(가정!$B$5-가정!$B$6*A15^2-가정!$B$7*A15,0))/100 -> 0.82 | D15: =MAX(가정!$B$11,ROUND(가정!$B$11*가정!$B$12^A15/10,0)*10) -> 1730 | E15: =E14*B14 -> 0.19635112 | F15: =F14*C14 -> 0.49908964 | G15: =(G14+D14)/B14 -> 12273.905 | H15: =(H14+D14)/C14 -> 7426.756 | I15: =ROUND((가정!$B$13-가정!$B$14*A15)*G15,-MAX(1,LEN(INT((가정!$B$13-가정!$B$14*A15)*G15))-3))*IF(A15=가정!$B$4,가정!$B$15,1) -> 17200 | J15: =ROUND((가정!$B$13-가정!$B$14*A15)*H15,-MAX(1,LEN(INT((가정!$B$13-가정!$B$14*A15)*H15))-3))*IF(A15=가정!$B$4,가정!$B$15,1) -> 10400 | K15: =IF(H15>0,J15/H15,"-") -> 1.4003422
A16: 11 | B16: =MAX(가정!$B$10,ROUND(가정!$B$8-가정!$B$9*A16,0))/100 -> 0.68 | C16: =MAX(가정!$B$10,ROUND(가정!$B$5-가정!$B$6*A16^2-가정!$B$7*A16,0))/100 -> 0.79 | D16: =MAX(가정!$B$11,ROUND(가정!$B$11*가정!$B$12^A16/10,0)*10) -> 2300 | E16: =E15*B15 -> 0.1394093 | F16: =F15*C15 -> 0.4092535 | G16: =(G15+D15)/B15 -> 19723.81 | H16: =(H15+D15)/C15 -> 11166.776 | I16: =ROUND((가정!$B$13-가정!$B$14*A16)*G16,-MAX(1,LEN(INT((가정!$B$13-가정!$B$14*A16)*G16))-3))*IF(A16=가정!$B$4,가정!$B$15,1) -> 27000 | J16: =ROUND((가정!$B$13-가정!$B$14*A16)*H16,-MAX(1,LEN(INT((가정!$B$13-가정!$B$14*A16)*H16))-3))*IF(A16=가정!$B$4,가정!$B$15,1) -> 15300 | K16: =IF(H16>0,J16/H16,"-") -> 1.3701359
A17: 12 | B17: =MAX(가정!$B$10,ROUND(가정!$B$8-가정!$B$9*A17,0))/100 -> 0.66 | C17: =MAX(가정!$B$10,ROUND(가정!$B$5-가정!$B$6*A17^2-가정!$B$7*A17,0))/100 -> 0.76 | D17: =MAX(가정!$B$11,ROUND(가정!$B$11*가정!$B$12^A17/10,0)*10) -> 3060 | E17: =E16*B16 -> 0.094798321 | F17: =F16*C16 -> 0.32331027 | G17: =(G16+D16)/B16 -> 32387.956 | H17: =(H16+D16)/C16 -> 17046.551 | I17: =ROUND((가정!$B$13-가정!$B$14*A17)*G17,-MAX(1,LEN(INT((가정!$B$13-가정!$B$14*A17)*G17))-3))*IF(A17=가정!$B$4,가정!$B$15,1) -> 43400 | J17: =ROUND((가정!$B$13-가정!$B$14*A17)*H17,-MAX(1,LEN(INT((가정!$B$13-가정!$B$14*A17)*H17))-3))*IF(A17=가정!$B$4,가정!$B$15,1) -> 22800 | K17: =IF(H17>0,J17/H17,"-") -> 1.3375139
... A24: 19 | B24: =MAX(가정!$B$10,ROUND(가정!$B$8-가정!$B$9*A24,0))/100 -> 0.48 | C24: =MAX(가정!$B$10,ROUND(가정!$B$5-가정!$B$6*A24^2-가정!$B$7*A24,0))/100 -> 0.46 | D24: =MAX(가정!$B$11,ROUND(가정!$B$11*가정!$B$12^A24/10,0)*10) -> 22550 | E24: =E23*B23 -> 0.0020325981 | F24: =F23*C23 -> 0.013399769 | G24: =(G23+D23)/B23 -> 2116766.7 | H24: =(H23+D23)/C23 -> 829917.09 | I24: =ROUND((가정!$B$13-가정!$B$14*A24)*G24,-MAX(1,LEN(INT((가정!$B$13-가정!$B$14*A24)*G24))-3))*IF(A24=가정!$B$4,가정!$B$15,1) -> 2390000 | J24: =ROUND((가정!$B$13-가정!$B$14*A24)*H24,-MAX(1,LEN(INT((가정!$B$13-가정!$B$14*A24)*H24))-3))*IF(A24=가정!$B$4,가정!$B$15,1) -> 938000 | K24: =IF(H24>0,J24/H24,"-") -> 1.1302334
A25: 20 | B25: — | C25: — | D25: — | E25: =E24*B24 -> 0.0009756471 | F25: =F24*C24 -> 0.0061638937 | G25: =(G24+D24)/B24 -> 4456909.8 | H25: =(H24+D24)/C24 -> 1853189.3 | I25: =ROUND((가정!$B$13-가정!$B$14*A25)*G25,-MAX(1,LEN(INT((가정!$B$13-가정!$B$14*A25)*G25))-3))*IF(A25=가정!$B$4,가정!$B$15,1) -> 9800000 | J25: =ROUND((가정!$B$13-가정!$B$14*A25)*H25,-MAX(1,LEN(INT((가정!$B$13-가정!$B$14*A25)*H25))-3))*IF(A25=가정!$B$4,가정!$B$15,1) -> 4080000 | K25: =IF(H25>0,J25/H25,"-") -> 2.2016099 | L25: ← 금 검 (판매가 2배 포함)
A28: 기대 강화 비용 = 새 검으로 시작해 +N을 만들 때 드는 강화 비용의 기대값입니다. 실패하면 검이 부서지므로 새 검으로 처음부터 다시 시작한다고 가정합니다.
A29: 점화식: 기대 비용(N) = (기대 비용(N−1) + 강화 비용(N−1)) ÷ 성공 확률(N−1)
A30: 판매가 = (1.7 − 0.03×N) × 기대 비용(N), 3자리 유효숫자로 반올림 (+20은 금 검이라 ×2). 행운의 가루·화로·할인 쿠폰은 반영하지 않았습니다.
A31: "이전" 열은 직전 버전의 확률 곡선(97%에서 시작해 레벨당 2.6%p 감소)에 같은 판매가 공식을 적용한 비교용 값입니다.

Sheet 상점
A1: 상점 가격
A2: 금 검을 처음 완성하면 모든 가격이 영구적으로 배수만큼 올라갑니다 (배수는 가정 시트).
A3: 아이템 | B3: 효과 | C3: 기본 가격 (G) | D3: 금 검 이후 (G)
A4: 행운의 가루 | B4: 다음 강화 1회의 성공 확률 +10%p | C4: 600 | D4: =ROUND(C4*가정!$B$16/10,0)*10 -> 900
A5: 할인 쿠폰 | B5: 다음 강화 1회의 비용 50% 할인 | C5: 300 | D5: =ROUND(C5*가정!$B$16/10,0)*10 -> 450
A6: 수호 부적 | B6: 강화에 실패해도 검이 부서지지 않게 1회 막아 줌 (레벨 유지) | C6: 2500 | D6: =ROUND(C6*가정!$B$16/10,0)*10 -> 3750
A7: 자동 망치 | B7: 목표 레벨까지 자동 강화 (영구, 1회 구매) | C7: 15000 | D7: =ROUND(C7*가정!$B$16/10,0)*10 -> 22500
A8: 대장간 화로 1단계 | B8: 모든 강화의 성공 확률 +1%p (영구, 누적) | C8: =ROUND(가정!$B$17*가정!$B$18^0/100,0)*100 -> 3000 | D8: =ROUND(C8*가정!$B$16/10,0)*10 -> 4500
A9: 대장간 화로 2단계 | B9: 모든 강화의 성공 확률 +1%p (영구, 누적) | C9: =ROUND(가정!$B$17*가정!$B$18^1/100,0)*100 -> 5400 | D9: =ROUND(C9*가정!$B$16/10,0)*10 -> 8100
A10: 대장간 화로 3단계 | B10: 모든 강화의 성공 확률 +1%p (영구, 누적) | C10: =ROUND(가정!$B$17*가정!$B$18^2/100,0)*100 -> 9700 | D10: =ROUND(C10*가정!$B$16/10,0)*10 -> 14550
A11: 대장간 화로 4단계 | B11: 모든 강화의 성공 확률 +1%p (영구, 누적) | C11: =ROUND(가정!$B$17*가정!$B$18^3/100,0)*100 -> 17500 | D11: =ROUND(C11*가정!$B$16/10,0)*10 -> 26250
A12: 대장간 화로 5단계 | B12: 모든 강화의 성공 확률 +1%p (영구, 누적) | C12: =ROUND(가정!$B$17*가정!$B$18^4/100,0)*100 -> 31500 | D12: =ROUND(C12*가정!$B$16/10,0)*10 -> 47250
A13: 대장간 화로 6단계 | B13: 모든 강화의 성공 확률 +1%p (영구, 누적) | C13: =ROUND(가정!$B$17*가정!$B$18^5/100,0)*100 -> 56700 | D13: =ROUND(C13*가정!$B$16/10,0)*10 -> 85050
A14: 대장간 화로 7단계 | B14: 모든 강화의 성공 확률 +1%p (영구, 누적) | C14: =ROUND(가정!$B$17*가정!$B$18^6/100,0)*100 -> 102000 | D14: =ROUND(C14*가정!$B$16/10,0)*10 -> 153000
A15: 대장간 화로 8단계 | B15: 모든 강화의 성공 확률 +1%p (영구, 누적) | C15: =ROUND(가정!$B$17*가정!$B$18^7/100,0)*100 -> 183700 | D15: =ROUND(C15*가정!$B$16/10,0)*10 -> 275550
A16: 대장간 화로 9단계 | B16: 모든 강화의 성공 확률 +1%p (영구, 누적) | C16: =ROUND(가정!$B$17*가정!$B$18^8/100,0)*100 -> 330600 | D16: =ROUND(C16*가정!$B$16/10,0)*10 -> 495900
A17: 대장간 화로 10단계 | B17: 모든 강화의 성공 확률 +1%p (영구, 누적) | C17: =ROUND(가정!$B$17*가정!$B$18^9/100,0)*100 -> 595100 | D17: =ROUND(C17*가정!$B$16/10,0)*10 -> 892650
A18: 대장간 화로 10단계 합계 | C18: =SUM(C8:C17) -> 1335200 | D18: =SUM(D8:D17) -> 2002800
A20: 기본 가격(파란 글씨)은 게임 코드의 값을 그대로 옮긴 것입니다. 화로 가격은 3,000 G에서 시작해 단계마다 ×1.8입니다.

Sheet 가정
A1: 가정 (값을 바꾸면 모든 시트가 다시 계산됩니다)
A3: 항목 | B3: 값 | C3: 출처 / 설명
A4: 최대 레벨 | B4: 20 | C4: 게임 설정
A5: 지금 확률: +0 시작값 (%) | B5: 99 | C5: 게임 코드의 baseRate. 확률 = 99 − 0.12×레벨² − 0.5×레벨 (%, 반올림)
A6: 지금 확률: 레벨² 계수 | B6: 0.12 | C6: 위와 같음
A7: 지금 확률: 레벨 계수 | B7: 0.5 | C7: 위와 같음
A8: 이전 확률: +0 시작값 (%) | B8: 97 | C8: 직전 버전 곡선 (비교용). 확률 = 97 − 2.6×레벨
A9: 이전 확률: 레벨당 감소 (%p) | B9: 2.6 | C9: 직전 버전 곡선 (비교용)
A10: 확률 하한 (%) | B10: 30 | C10: 게임 코드의 Math.max(30, …)
A11: 강화 비용 기준 (G) | B11: 100 | C11: +0 → +1 강화 비용이자 최소 비용
A12: 강화 비용 증가율 (레벨당) | B12: 1.33 | C12: 비용 = 100 × 1.33^레벨, 10 G 단위 반올림
A13: 판매가 배수: 시작값 | B13: 1.7 | C13: 판매가 = (1.7 − 0.03×레벨) × 기대 강화 비용
A14: 판매가 배수: 레벨당 감소 | B14: 0.03 | C14: 높은 레벨일수록 "팔까, 더 갈까" 고민이 생기도록 배수를 낮춤
A15: 금 검 판매가 배수 | B15: 2 | C15: 요청 사항: +20 금 검은 판매가 2배
... A18: 대장간 화로 가격 증가율 | B18: 1.8 | C18: 게임 코드 값 (단계마다 ×1.8)
A20: 파란 글씨 + 노란 배경 칸이 입력값입니다. 나머지는 모두 수식입니다.
